Battery,State of Charge (SOC) (%),State of Health (SOH) (%),Cycle Count,Initial Rated Capacity (Ah),Full Charge Capacity (Ah),Voltage (V),Temperature (°C),Internal Resistance (mΩ),Efficiency (%),Life Span Remaining,Charging/Discharging Rate,Temperature Stress Factor,Voltage Stability Rating,Battery Health Score,Capacity Fade (%)
Battery 1,25.0,92.96,593,114.3,106.3,3.289,23.0,31.24,65.776,"8 years, 11 months, 20 days",Slow,0,7,88,6.9991251093613265
Battery 2,90.51,93.36,336,47.4,44.3,4.031,25.4,27.61,92.22,"11 years, 9 months, 1 days",Fast,20,9,90,6.540084388185652
Battery 3,29.38,95.34,380,38.2,36.4,3.396,26.1,32.65,68.956,"7 years, 3 months, 1 days",Slow,20,9,90,4.712041884816765
Battery 4,58.63,83.98,1285,112.2,94.2,3.629,26.1,49.31,73.84,"0 years, 2 months, 22 days",Slow,20,7,75,16.042780748663098
Battery 5,30.9,97.6,416,74.0,72.2,3.361,37.9,25.09,70.91999999999999,"7 years, 11 months, 27 days",Slow,60,8,84,2.43243243243243
Battery 6,61.85,67.01,2229,69.9,46.9,3.733,26.9,75.07,64.946,"13 years, 3 months, 8 days",Slow,20,9,63,32.904148783977114
Battery 7,80.5,89.2,533,96.4,86.0,3.89,27.6,27.83,85.72,"9 years, 3 months, 11 days",Moderate,20,8,86,10.788381742738595
Battery 8,13.15,73.14,1720,41.8,30.6,3.08,23.3,60.42,49.144,"12 years, 4 months, 22 days",Slow,0,5,67,26.794258373205736
Battery 9,12.03,95.93,257,81.9,78.6,3.065,25.4,22.5,62.37,"11 years, 0 months, 10 days",Slow,20,5,86,4.029304029304049
Battery 10,87.5,78.84,1883,33.9,26.7,4.125,26.3,54.37,82.304,"1 years, 1 months, 13 days",Moderate,20,10,74,21.238938053097346
Battery 11,77.14,92.09,411,30.4,28.0,3.923,31.8,29.86,86.11,"11 years, 7 months, 25 days",Moderate,40,10,87,7.894736842105255
Battery 12,92.48,97.74,312,69.4,67.8,4.064,34.4,27.7,95.636,"14 years, 11 months, 3 days",Moderate,40,9,89,2.3054755043227737
Battery 13,55.73,92.52,494,101.7,94.1,3.629,29.9,29.92,77.804,"6 years, 8 months, 3 days",Slow,20,8,87,7.472959685349078
Battery 14,12.58,78.73,1329,91.1,71.7,3.112,18.9,56.2,52.269999999999996,"9 years, 1 months, 20 days",Slow,20,6,70,21.295279912184405
Battery 15,36.91,68.36,2280,35.6,24.3,3.454,19.3,82.16,55.78,"9 years, 3 months, 16 days",Slow,20,8,61,31.74157303370787
Battery 16,66.04,93.54,372,115.5,108.0,3.868,25.2,25.97,82.54,"11 years, 4 months, 29 days",Moderate,20,10,92,6.493506493506496
Battery 17,32.58,62.31,2465,46.1,28.7,3.47,24.7,82.12,50.418000000000006,"5 years, 1 months, 16 days",Slow,0,9,63,37.744034707158356
Battery 18,44.97,97.69,305,45.0,43.9,3.442,34.6,27.46,76.602,"2 years, 11 months, 2 days",Slow,40,6,84,2.444444444444449
Battery 19,81.11,93.88,364,46.9,44.0,4.016,28.8,27.8,88.77199999999999,"2 years, 11 months, 7 days",Fast,20,10,92,6.183368869936034
Battery 20,39.02,93.8,677,72.7,68.2,3.39,21.4,32.64,71.88799999999999,"5 years, 5 months, 25 days",Slow,0,6,86,6.1898211829436
Battery 21,24.57,61.86,2995,101.3,62.6,3.288,25.0,84.68,46.944,"7 years, 2 months, 28 days",Slow,0,7,60,38.20335636722606
Battery 22,73.55,70.31,2401,40.5,28.5,3.822,22.6,85.81,71.606,"9 years, 0 months, 10 days",Slow,0,8,64,29.629629629629626
Battery 23,28.07,86.68,1058,78.2,67.7,3.33,22.0,38.01,63.236000000000004,"3 years, 3 months, 4 days",Slow,0,7,82,13.427109974424557
Battery 24,76.74,96.91,311,63.8,61.9,3.945,19.2,28.35,88.84199999999998,"8 years, 4 months, 25 days",Moderate,20,10,93,2.9780564263322873
Battery 25,94.04,61.97,2411,62.2,38.5,4.131,32.9,66.6,74.798,"7 years, 7 months, 24 days",Moderate,40,10,62,38.10289389067525
Battery 26,61.83,95.42,386,72.9,69.6,3.838,22.7,32.36,81.98400000000001,"5 years, 0 months, 14 days",Moderate,0,10,94,4.526748971193428
Battery 27,69.74,75.82,2247,83.4,63.3,3.752,30.2,78.82,73.388,"11 years, 4 months, 10 days",Slow,40,8,61,24.100719424460436
Battery 28,76.49,89.16,773,92.6,82.6,3.858,29.1,36.04,84.092,"6 years, 11 months, 28 days",Moderate,20,8,83,10.799136069114468
Battery 29,44.95,90.88,598,99.8,90.7,3.486,20.0,37.46,72.508,"7 years, 0 months, 24 days",Slow,0,7,86,9.118236472945885
Battery 30,70.7,65.03,2169,35.9,23.3,3.878,26.0,65.13,67.298,"5 years, 0 months, 17 days",Moderate,20,10,66,35.09749303621169
Battery 31,84.18,65.71,2704,107.7,70.8,4.077,27.6,68.27,73.098,"8 years, 8 months, 12 days",Moderate,20,10,66,34.261838440111426
Battery 32,50.75,60.0,2732,42.1,25.2,3.563,23.4,103.68,56.3,"5 years, 4 months, 24 days",Slow,0,8,57,40.142517814726844
Battery 33,26.12,100.0,88,80.4,80.4,3.391,24.0,19.53,70.44800000000001,"11 years, 0 months, 0 days",Slow,0,9,98,0.0
Battery 34,92.42,99.28,70,81.9,81.3,4.028,30.2,19.66,96.536,"13 years, 0 months, 18 days",Moderate,40,9,92,0.7326007326007411
Battery 35,64.2,99.33,126,75.2,74.7,3.678,28.3,19.18,85.278,"0 years, 8 months, 19 days",Slow,20,7,92,0.6648936170212782
Battery 36,48.4,75.83,1644,37.9,28.7,3.647,20.5,58.91,64.858,"14 years, 11 months, 21 days",Slow,0,10,76,24.274406332453825
Battery 37,75.09,73.36,2592,38.1,28.0,3.99,19.3,69.96,74.05199999999999,"7 years, 10 months, 7 days",Moderate,20,10,68,26.509186351706038
Battery 38,31.92,60.0,2723,96.1,57.7,3.471,21.4,94.26,48.768,"8 years, 1 months, 5 days",Slow,0,10,62,39.95837669094693
Battery 39,40.47,93.54,528,62.7,58.7,3.387,23.1,31.28,72.312,"13 years, 5 months, 13 days",Slow,0,6,87,6.379585326953752
Battery 40,24.18,97.07,453,112.3,109.0,3.215,23.4,26.88,67.91399999999999,"0 years, 10 months, 1 days",Slow,0,6,89,2.9385574354407806
Battery 41,55.95,92.42,548,64.5,59.6,3.729,18.5,28.13,77.832,"10 years, 11 months, 18 days",Moderate,20,10,90,7.596899224806197
Battery 42,18.1,98.82,82,35.2,34.8,3.172,19.2,25.33,66.532,"2 years, 8 months, 6 days",Slow,20,6,89,1.1363636363636576
Battery 43,99.76,61.08,2882,39.2,23.9,4.164,26.8,86.98,76.55199999999999,"0 years, 7 months, 19 days",Slow,20,10,60,39.030612244897966
Battery 44,69.18,81.13,1912,31.7,25.7,3.847,26.4,55.1,76.35,"5 years, 8 months, 10 days",Moderate,20,10,74,18.927444794952685
Battery 45,76.52,88.26,764,110.0,97.1,3.86,31.9,36.37,83.56400000000001,"5 years, 5 months, 10 days",Moderate,40,8,80,11.72727272727273
Battery 46,69.3,78.82,1267,35.7,28.1,3.868,22.0,48.3,75.012,"3 years, 10 months, 15 days",Moderate,0,10,81,21.288515406162468
Battery 47,93.22,100.0,132,69.1,69.1,4.168,32.1,25.86,97.28800000000001,"4 years, 0 months, 0 days",Moderate,40,10,92,0.0
Battery 48,47.91,93.75,275,111.9,104.9,3.477,28.9,32.36,75.414,"13 years, 7 months, 3 days",Slow,20,6,85,6.255585344057191
Battery 49,45.69,74.03,2375,110.6,81.8,3.609,26.9,69.33,62.694,"11 years, 2 months, 9 days",Slow,20,10,68,26.039783001808313
Battery 50,98.48,64.77,1996,63.7,41.3,4.098,36.1,68.7,78.25399999999999,"1 years, 3 months, 16 days",Slow,60,9,58,35.164835164835175
Battery 51,92.1,95.46,468,32.2,30.8,4.077,34.1,28.59,94.11599999999999,"11 years, 2 months, 20 days",Moderate,40,10,88,4.34782608695653
Battery 52,36.37,87.81,673,61.1,53.7,3.527,19.4,32.74,67.234,"12 years, 7 months, 12 days",Slow,20,10,87,12.11129296235679
Battery 53,57.39,91.53,530,111.8,102.3,3.707,36.5,32.71,77.874,"12 years, 8 months, 28 days",Slow,60,9,81,8.497316636851526
Battery 54,51.68,94.67,416,49.4,46.8,3.628,30.0,24.7,77.474,"14 years, 9 months, 13 days",Slow,20,9,91,5.263157894736848
Battery 55,83.53,95.99,144,75.4,72.4,4.037,24.4,22.63,91.006,"5 years, 9 months, 13 days",Fast,0,10,97,3.9787798408488007
Battery 56,14.59,94.38,184,81.0,76.5,3.259,18.7,28.83,62.46399999999999,"1 years, 11 months, 19 days",Slow,20,9,91,5.555555555555558
Battery 57,65.61,63.86,2430,90.7,57.9,3.838,28.7,69.08,64.56,"12 years, 8 months, 12 days",Moderate,20,10,65,36.163175303197356
Battery 58,48.59,79.22,2000,75.1,59.5,3.525,28.1,64.04,66.968,"0 years, 0 months, 0 days",Slow,20,7,67,20.772303595206388
Battery 59,67.21,90.77,569,38.5,34.9,3.891,22.5,31.35,81.346,"4 years, 5 months, 15 days",Moderate,0,10,92,9.350649350649354
Battery 60,85.58,94.07,390,81.8,77.0,3.995,24.3,27.27,90.67399999999999,"7 years, 3 months, 4 days",Moderate,0,9,93,5.8679706601466926
Battery 61,37.74,94.12,636,32.6,30.7,3.359,22.5,35.98,71.568,"11 years, 10 months, 23 days",Slow,0,6,86,5.828220858895716
Battery 62,81.08,60.0,2545,103.4,62.0,3.929,28.9,68.68,68.432,"1 years, 6 months, 0 days",Moderate,20,9,62,40.03868471953579
Battery 63,83.35,87.59,841,110.3,96.6,4.087,27.5,32.63,85.894,"12 years, 7 months, 0 days",Fast,20,9,85,12.420670897552133
Battery 64,61.55,98.25,405,47.3,46.5,3.713,25.7,26.09,83.57,"3 years, 6 months, 15 days",Moderate,20,8,90,1.6913319238900604
Battery 65,78.65,68.63,1998,100.2,68.8,3.856,27.9,65.18,72.638,"0 years, 8 months, 7 days",Moderate,20,8,64,31.337325349301402
Battery 66,28.19,91.75,635,66.9,61.4,3.363,18.3,33.36,66.326,"11 years, 2 months, 9 days",Slow,20,8,85,8.221225710014956
Battery 67,83.9,97.03,375,32.0,31.0,4.065,29.9,28.51,91.77799999999999,"8 years, 4 months, 12 days",Fast,20,10,92,3.125
Battery 68,49.28,91.61,600,111.8,102.5,3.524,29.1,31.44,74.678,"11 years, 3 months, 7 days",Slow,20,7,84,8.31842576028622
Battery 69,93.04,80.12,1512,112.1,89.8,4.045,29.6,48.58,85.28800000000001,"0 years, 5 months, 27 days",Fast,20,9,75,19.892952720785008
Battery 70,51.62,92.51,291,70.9,65.6,3.707,18.2,26.67,76.154,"10 years, 5 months, 29 days",Moderate,20,10,92,7.475317348378008
Battery 71,24.14,74.81,1888,99.2,74.2,3.252,18.1,63.39,54.542,"11 years, 10 months, 21 days",Slow,20,7,66,25.2016129032258
Battery 72,45.85,62.66,2992,93.7,58.7,3.504,28.1,88.44,55.93599999999999,"4 years, 2 months, 14 days",Slow,20,7,56,37.35325506937033
Battery 73,82.23,98.36,290,76.3,75.1,3.981,41.1,22.45,91.908,"0 years, 11 months, 22 days",Slow,80,10,86,1.572739187418093
Battery 74,63.86,60.0,2581,119.3,71.6,3.82,29.3,80.82,61.544,"5 years, 8 months, 12 days",Slow,20,10,61,39.983235540653816
Battery 75,22.34,100.0,64,77.4,77.4,3.335,22.4,20.76,68.936,"8 years, 0 months, 0 days",Slow,0,9,98,0.0
Battery 76,46.64,89.96,555,47.1,42.4,3.578,19.5,28.94,72.63199999999999,"4 years, 11 months, 15 days",Slow,20,9,87,9.978768577494701
Battery 77,80.22,93.52,475,112.8,105.5,3.944,23.7,28.78,88.19999999999999,"8 years, 1 months, 2 days",Moderate,0,9,92,6.471631205673756
Battery 78,80.07,90.19,448,40.3,36.4,4.053,24.5,30.49,86.142,"9 years, 10 months, 14 days",Fast,0,9,91,9.677419354838712
Battery 79,90.77,91.31,692,107.5,98.2,4.013,37.2,30.43,91.094,"12 years, 2 months, 0 days",Slow,60,9,81,8.651162790697676
Battery 80,50.11,91.13,545,30.4,27.7,3.614,22.5,34.95,74.722,"2 years, 11 months, 19 days",Slow,0,9,90,8.881578947368418
Battery 81,72.25,93.82,354,103.9,97.5,3.785,30.3,29.74,85.192,"7 years, 1 months, 19 days",Moderate,40,8,85,6.159769008662175
Battery 82,78.22,60.0,2906,35.5,21.3,3.87,27.3,86.1,67.288,"13 years, 2 months, 11 days",Slow,20,8,57,40.0
Battery 83,84.1,96.4,76,109.9,105.9,4.031,28.7,24.25,91.48,"12 years, 4 months, 12 days",Fast,20,10,95,3.6396724294813443
Battery 84,33.63,88.7,670,33.1,29.4,3.486,21.6,36.44,66.672,"4 years, 10 months, 7 days",Slow,0,9,88,11.17824773413898
Battery 85,65.1,75.97,2147,77.0,58.5,3.813,23.8,65.03,71.622,"4 years, 1 months, 28 days",Moderate,0,10,73,24.02597402597403
Battery 86,74.84,93.62,669,44.0,41.2,3.929,36.5,27.6,86.108,"8 years, 0 months, 14 days",Slow,60,10,84,6.36363636363636
Battery 87,47.66,95.09,480,60.1,57.1,3.53,26.4,30.28,76.118,"2 years, 8 months, 6 days",Slow,20,8,88,4.991680532445919
Battery 88,48.52,95.2,391,77.4,73.7,3.498,21.5,30.69,76.52799999999999,"0 years, 10 months, 18 days",Slow,0,7,90,4.780361757105944
Battery 89,52.1,96.36,397,36.5,35.2,3.63,29.4,26.83,78.656,"7 years, 3 months, 27 days",Slow,20,9,91,3.561643835616435
Battery 90,13.94,99.15,78,31.1,30.9,3.221,14.9,24.68,65.066,"7 years, 9 months, 29 days",Slow,40,8,89,0.6430868167202619
Battery 91,79.68,91.24,403,114.1,104.1,3.864,23.1,31.71,86.616,"8 years, 6 months, 18 days",Moderate,0,8,90,8.764241893076253
Battery 92,66.55,60.08,2935,95.7,57.5,3.745,26.9,94.2,62.66799999999999,"4 years, 1 months, 15 days",Slow,20,8,56,39.916405433646815
Battery 93,79.91,92.71,377,117.5,108.9,3.896,23.9,30.48,87.59,"2 years, 4 months, 2 days",Moderate,0,8,91,7.319148936170206
Battery 94,91.77,97.1,270,40.1,38.9,4.006,26.9,32.04,94.96799999999999,"14 years, 10 months, 29 days",Fast,20,8,89,2.9925187032418976
Battery 95,95.67,87.05,788,32.7,28.5,4.149,31.0,34.16,90.49799999999999,"2 years, 6 months, 8 days",Moderate,40,10,83,12.844036697247718
Battery 96,54.14,60.0,2984,64.0,38.4,3.666,17.1,92.26,57.656000000000006,"4 years, 9 months, 18 days",Slow,20,9,58,40.0
Battery 97,33.13,90.59,387,65.2,59.1,3.351,29.8,26.77,67.606,"10 years, 7 months, 9 days",Slow,20,7,86,9.355828220858896
Battery 98,97.14,65.02,2867,109.3,71.1,4.084,27.7,73.73,77.868,"3 years, 1 months, 19 days",Moderate,20,9,63,34.94967978042086
Battery 99,99.0,93.14,671,98.1,91.4,4.2,25.2,29.2,95.48400000000001,"3 years, 10 months, 29 days",Fast,20,10,89,6.829765545361866
Battery 100,29.84,60.0,2815,79.0,47.4,3.298,20.8,83.75,47.936,"10 years, 6 months, 0 days",Slow,0,6,58,40.0
Battery 101,19.59,99.54,58,71.2,70.9,3.16,22.1,24.88,67.56,"6 years, 6 months, 12 days",Slow,0,6,93,0.4213483146067398
Battery 102,88.07,99.07,229,63.3,62.7,4.121,38.5,24.14,94.66999999999999,"7 years, 3 months, 5 days",Slow,60,10,89,0.9478672985781866
Battery 103,13.54,90.42,522,39.4,35.6,3.081,15.8,32.77,59.668000000000006,"8 years, 2 months, 13 days",Slow,20,5,81,9.644670050761416
Battery 104,62.23,94.57,213,73.3,69.3,3.695,23.5,25.12,81.634,"4 years, 11 months, 23 days",Slow,0,8,93,5.457025920873127
Battery 105,44.36,96.03,151,98.8,94.9,3.553,20.5,30.37,75.362,"2 years, 9 months, 17 days",Slow,0,9,94,3.9473684210526216
Battery 106,39.98,86.71,930,40.2,34.8,3.469,19.2,46.97,68.018,"13 years, 10 months, 23 days",Slow,20,8,80,13.432835820895539
Battery 107,55.84,75.37,1545,96.2,72.5,3.701,24.1,60.57,67.558,"6 years, 5 months, 18 days",Moderate,0,9,74,24.636174636174633
Battery 108,18.78,99.21,123,61.6,61.1,3.257,26.5,24.51,67.038,"1 years, 1 months, 0 days",Slow,20,8,92,0.8116883116883078
Battery 109,83.1,80.83,1580,48.8,39.4,3.901,36.8,50.72,81.738,"4 years, 8 months, 27 days",Slow,60,8,67,19.262295081967206
Battery 110,76.62,94.9,549,82.6,78.4,3.953,30.8,26.64,87.58800000000001,"13 years, 5 months, 29 days",Moderate,40,10,88,5.084745762711851
Battery 111,25.71,85.75,947,69.5,59.6,3.395,24.1,40.27,61.733999999999995,"1 years, 5 months, 20 days",Slow,0,9,85,14.244604316546761
Battery 112,51.05,94.34,323,84.0,79.3,3.618,20.6,25.74,77.024,"11 years, 0 months, 14 days",Slow,0,9,94,5.595238095238098
Battery 113,52.32,90.88,638,47.5,43.2,3.621,22.6,32.42,75.456,"3 years, 10 months, 21 days",Slow,0,8,88,9.052631578947368
Battery 114,91.01,87.59,1117,72.7,63.7,4.157,33.0,41.89,88.958,"11 years, 8 months, 15 days",Moderate,40,10,80,12.37964236588721
Battery 115,62.6,64.21,2244,63.4,40.7,3.715,27.4,67.03,63.566,"11 years, 7 months, 28 days",Moderate,20,8,62,35.80441640378549
Battery 116,68.99,79.21,1782,30.8,24.4,3.927,30.7,59.79,75.122,"11 years, 4 months, 2 days",Moderate,40,10,70,20.779220779220786
Battery 117,81.68,88.59,669,49.8,44.1,3.987,31.9,32.97,85.82600000000001,"4 years, 6 months, 23 days",Moderate,40,10,84,11.445783132530106
Battery 118,14.37,88.37,629,60.4,53.3,3.112,25.1,35.26,58.769999999999996,"5 years, 9 months, 9 days",Slow,20,6,81,11.754966887417218
Battery 119,62.7,88.81,1069,83.4,74.0,3.696,28.6,39.4,78.366,"8 years, 4 months, 27 days",Slow,20,8,81,11.270983213429265
Battery 120,55.77,68.49,2000,44.5,30.5,3.751,39.1,58.66,63.402,"0 years, 0 months, 0 days",Slow,60,10,63,31.46067415730337
Battery 121,55.03,60.86,2297,42.2,25.7,3.693,27.6,81.43,58.528,"14 years, 7 months, 14 days",Slow,20,9,60,39.09952606635072
Battery 122,81.2,67.88,1963,116.3,78.9,3.894,23.8,63.18,73.208,"12 years, 6 months, 20 days",Moderate,0,8,68,32.15821152192605
Battery 123,60.5,88.35,684,84.0,74.2,3.632,21.5,35.01,77.21000000000001,"11 years, 4 months, 3 days",Slow,0,7,85,11.666666666666659
Battery 124,59.08,60.0,2675,72.5,43.5,3.646,23.2,66.61,59.632000000000005,"7 years, 6 months, 0 days",Slow,0,8,64,40.0
Battery 125,82.4,91.84,628,90.0,82.7,3.936,29.2,32.08,88.064,"0 years, 0 months, 8 days",Moderate,20,9,87,8.111111111111114
Battery 126,31.14,92.78,278,100.0,92.8,3.441,25.5,29.94,68.124,"3 years, 10 months, 0 days",Slow,20,9,90,7.200000000000006
Battery 127,23.56,70.98,2341,62.4,44.3,3.191,29.8,66.11,52.012,"13 years, 11 months, 22 days",Slow,20,6,62,29.006410256410263
Battery 128,61.78,96.13,253,41.7,40.1,3.664,30.4,27.78,82.39,"14 years, 8 months, 10 days",Slow,40,7,85,3.83693045563549
Battery 129,94.73,75.48,2058,33.6,25.3,4.2,31.5,56.86,83.18,"8 years, 1 months, 9 days",Moderate,40,9,67,24.702380952380953
Battery 130,68.15,94.33,627,32.7,30.9,3.817,18.1,38.11,83.858,"2 years, 6 months, 27 days",Moderate,20,9,87,5.504587155963314
Battery 131,66.66,90.26,588,32.0,28.9,3.707,40.0,29.25,80.82,"7 years, 2 months, 24 days",Slow,60,7,78,9.687500000000004
Battery 132,62.48,70.2,2118,82.7,58.0,3.729,33.1,65.16,67.112,"3 years, 6 months, 29 days",Moderate,40,9,63,29.86698911729142
Battery 133,45.6,86.99,1506,83.6,72.7,3.499,27.3,59.34,70.434,"4 years, 10 months, 11 days",Slow,20,7,73,13.038277511961716
Battery 134,36.32,60.0,2345,62.1,37.2,3.491,26.9,73.96,50.528,"1 years, 6 months, 0 days",Slow,20,9,61,40.09661835748793
Battery 135,34.0,76.05,1538,79.6,60.5,3.336,26.0,62.89,59.23,"10 years, 8 months, 3 days",Slow,20,6,67,23.994974874371856
Battery 136,71.02,60.0,2455,44.5,26.7,3.926,29.0,83.17,64.408,"13 years, 6 months, 0 days",Slow,20,10,61,40.0
Battery 137,95.07,60.0,2962,65.5,39.3,4.117,27.8,109.42,74.02799999999999,"11 years, 4 months, 24 days",Slow,20,10,56,40.0
Battery 138,49.57,88.18,691,44.1,38.9,3.54,38.4,36.06,72.736,"7 years, 1 months, 19 days",Slow,60,7,76,11.791383219954653
Battery 139,53.19,98.52,380,102.6,101.1,3.665,22.6,28.77,80.38799999999999,"3 years, 0 months, 4 days",Slow,0,9,94,1.4619883040935644
Battery 140,97.87,75.75,1576,69.2,52.4,4.199,29.9,47.23,84.598,"10 years, 7 months, 2 days",Fast,20,10,75,24.277456647398854
Battery 141,18.7,91.52,535,79.8,73.0,3.13,20.8,29.65,62.391999999999996,"10 years, 4 months, 18 days",Slow,0,5,85,8.521303258145362
Battery 142,62.04,64.16,1987,37.0,23.8,3.829,30.6,71.85,63.312,"4 years, 2 months, 1 days",Moderate,40,10,62,35.67567567567568
Battery 143,46.63,96.2,96,72.3,69.5,3.638,26.4,20.38,76.372,"0 years, 9 months, 26 days",Slow,20,10,95,3.87275242047026
Battery 144,36.46,80.41,1104,77.6,62.4,3.458,19.7,55.68,62.83,"0 years, 2 months, 25 days",Slow,20,8,75,19.58762886597938
Battery 145,39.87,95.67,409,67.6,64.7,3.43,23.8,27.76,73.35,"11 years, 0 months, 19 days",Slow,0,7,90,4.28994082840235
Battery 146,22.99,70.17,1878,117.8,82.6,3.347,21.4,55.18,51.297999999999995,"12 years, 9 months, 19 days",Slow,0,9,72,29.88115449915111
Battery 147,44.51,60.0,2858,81.6,48.9,3.583,25.0,98.03,53.804,"12 years, 7 months, 6 days",Slow,0,9,59,40.07352941176471
Battery 148,84.44,73.59,2226,62.5,46.0,3.933,32.6,51.8,77.93,"6 years, 10 months, 3 days",Moderate,40,8,66,26.400000000000002
Battery 149,96.14,77.24,2069,104.7,80.9,4.2,42.1,63.63,84.8,"3 years, 4 months, 6 days",Slow,80,10,62,22.731614135625588
Battery 150,67.03,60.0,2960,93.2,55.9,3.708,24.1,101.56,62.812,"12 years, 0 months, 0 days",Slow,0,7,56,40.021459227467815
Battery 151,33.39,96.93,244,48.8,47.3,3.414,25.4,26.11,71.51400000000001,"11 years, 0 months, 16 days",Slow,20,8,91,3.0737704918032738
Battery 152,65.48,83.09,1246,64.9,53.9,3.793,31.2,53.71,76.046,"13 years, 2 months, 29 days",Moderate,40,9,74,16.949152542372893
Battery 153,83.25,96.1,180,74.1,71.2,4.096,30.7,28.0,90.96000000000001,"4 years, 6 months, 3 days",Moderate,40,9,89,3.9136302294196956
Battery 154,62.34,69.12,2257,67.3,46.5,3.819,24.7,59.06,66.408,"1 years, 2 months, 5 days",Moderate,0,10,72,30.906389301634473
Battery 155,58.62,95.43,541,119.6,114.1,3.776,29.1,31.25,80.706,"6 years, 1 months, 28 days",Moderate,20,10,91,4.598662207357862
Battery 156,57.02,75.09,2214,79.2,59.5,3.75,26.2,74.57,67.86200000000001,"9 years, 7 months, 25 days",Moderate,20,10,68,24.87373737373738
Battery 157,74.66,79.43,1697,119.1,94.6,3.838,29.5,52.82,77.522,"0 years, 4 months, 1 days",Moderate,20,8,72,20.57094878253568
Battery 158,20.97,94.77,188,38.1,36.1,3.205,29.6,22.3,65.25,"3 years, 7 months, 11 days",Slow,20,6,88,5.249343832020992
Battery 159,72.76,78.95,2048,38.7,30.5,3.882,29.2,59.56,76.474,"11 years, 0 months, 18 days",Moderate,20,10,72,21.188630490956072
Battery 160,76.93,71.48,2301,69.2,49.4,3.893,26.0,78.81,73.66,"12 years, 5 months, 2 days",Slow,20,9,64,28.612716763005785
Battery 161,70.05,90.8,409,79.8,72.5,3.874,28.4,26.64,82.5,"2 years, 3 months, 23 days",Moderate,20,10,90,9.147869674185461
Battery 162,43.35,93.01,553,46.7,43.5,3.434,26.3,29.43,73.146,"12 years, 11 months, 3 days",Slow,20,7,85,6.85224839400429
Battery 163,64.46,70.92,2115,39.6,28.1,3.728,24.7,69.84,68.336,"4 years, 2 months, 19 days",Moderate,0,8,67,29.040404040404045
Battery 164,68.66,97.87,454,49.7,48.6,3.744,37.4,26.07,86.186,"6 years, 6 months, 12 days",Slow,60,8,84,2.213279678068414
Battery 165,25.15,89.05,461,74.5,66.3,3.347,18.6,32.46,63.49,"10 years, 2 months, 26 days",Slow,20,8,85,11.006711409395976
Battery 166,69.15,74.38,1629,60.6,45.0,3.735,25.8,53.4,72.288,"2 years, 11 months, 20 days",Moderate,20,7,69,25.742574257425744
Battery 167,97.17,80.99,1061,63.5,51.5,4.093,28.4,39.69,87.46199999999999,"5 years, 2 months, 29 days",Fast,20,9,80,18.89763779527559
Battery 168,58.23,95.75,575,49.4,47.3,3.746,28.0,32.13,80.74199999999999,"7 years, 2 months, 18 days",Moderate,20,10,90,4.251012145748989
Battery 169,77.83,70.77,1677,100.9,71.4,3.878,21.1,66.6,73.594,"9 years, 3 months, 15 days",Moderate,0,8,69,29.236868186323093
Battery 170,16.06,95.25,352,47.7,45.5,3.159,33.9,26.36,63.574,"4 years, 10 months, 9 days",Slow,40,6,83,4.612159329140464
Battery 171,71.08,92.75,371,98.2,91.1,3.76,25.1,27.1,84.082,"5 years, 5 months, 11 days",Moderate,20,7,87,7.230142566191455
Battery 172,31.35,98.99,166,97.3,96.3,3.376,26.0,27.98,71.934,"7 years, 8 months, 25 days",Slow,20,8,91,1.0277492291880796
Battery 173,88.87,65.07,1978,69.7,45.3,4.165,32.4,64.47,74.59,"7 years, 1 months, 26 days",Moderate,40,9,62,35.00717360114778
Battery 174,41.88,91.55,448,42.2,38.6,3.43,28.1,27.87,71.682,"5 years, 5 months, 4 days",Slow,20,7,86,8.530805687203792
Battery 175,30.04,97.81,276,33.4,32.7,3.398,25.6,20.17,70.702,"3 years, 1 months, 13 days",Slow,20,8,92,2.0958083832335217
Battery 176,56.05,91.75,436,98.5,90.3,3.597,23.9,28.02,77.47,"12 years, 5 months, 24 days",Slow,0,7,89,8.324873096446705
Battery 177,76.32,98.75,216,114.0,112.6,3.867,26.4,28.57,89.77799999999999,"10 years, 10 months, 6 days",Moderate,20,9,92,1.2280701754386003
Battery 178,86.26,97.87,207,60.9,59.6,3.984,37.9,27.63,93.226,"7 years, 4 months, 25 days",Slow,60,9,86,2.1346469622331665
Battery 179,10.43,93.09,565,72.2,67.2,3.141,17.5,33.03,60.025999999999996,"7 years, 11 months, 1 days",Slow,20,7,85,6.9252077562326875
Battery 180,52.76,91.06,386,96.7,88.0,3.703,22.2,29.68,75.74000000000001,"14 years, 10 months, 7 days",Moderate,0,10,93,8.996897621509826
Battery 181,41.24,89.58,477,66.0,59.1,3.448,23.7,29.74,70.244,"7 years, 1 months, 24 days",Slow,0,7,88,10.45454545454545
Battery 182,80.76,99.21,213,68.3,67.8,4.021,30.2,20.47,91.83,"1 years, 5 months, 8 days",Moderate,40,10,93,0.7320644216691097
Battery 183,43.28,90.17,654,62.7,56.5,3.479,20.4,40.88,71.414,"6 years, 10 months, 3 days",Slow,0,7,85,9.888357256778313
Battery 184,96.52,69.85,1844,76.7,53.6,4.104,31.8,57.13,80.518,"9 years, 5 months, 23 days",Moderate,40,9,66,30.11734028683182
Battery 185,46.33,90.07,769,34.1,30.7,3.522,23.6,34.74,72.574,"14 years, 4 months, 17 days",Slow,0,8,87,9.97067448680352
Battery 186,21.21,97.9,148,73.4,71.8,3.266,20.6,25.21,67.224,"6 years, 6 months, 19 days",Slow,0,8,95,2.1798365122615904
Battery 187,71.54,66.41,1731,68.6,45.6,3.77,28.3,59.56,68.462,"14 years, 3 months, 25 days",Moderate,20,8,66,33.5276967930029
Battery 188,58.7,77.96,1744,83.3,64.9,3.754,23.7,54.14,70.256,"9 years, 9 months, 13 days",Moderate,0,10,77,22.08883553421368
Battery 189,67.25,91.72,562,45.5,41.7,3.868,23.1,31.62,81.932,"14 years, 5 months, 18 days",Moderate,0,10,92,8.351648351648343
Battery 190,64.05,78.43,1721,74.3,58.3,3.733,28.2,49.81,72.678,"4 years, 4 months, 27 days",Moderate,20,8,72,21.53432032301481
Battery 191,48.71,94.94,470,116.9,110.9,3.513,27.6,36.8,76.44800000000001,"6 years, 3 months, 14 days",Slow,20,7,85,5.132591958939258
Battery 192,66.39,85.53,785,38.7,33.1,3.781,19.4,31.28,77.874,"9 years, 7 months, 4 days",Moderate,20,9,84,14.470284237726105
Battery 193,59.48,84.13,943,117.7,99.0,3.635,26.4,38.07,74.27,"9 years, 7 months, 15 days",Slow,20,7,79,15.887850467289722
Battery 194,79.62,61.18,2750,84.9,51.9,3.9,23.9,89.81,68.556,"10 years, 6 months, 26 days",Slow,0,9,61,38.86925795053004
Battery 195,47.62,60.0,2734,104.8,62.9,3.566,28.6,87.83,55.048,"4 years, 9 months, 18 days",Slow,20,8,57,39.98091603053435
Battery 196,67.53,94.9,279,75.2,71.4,3.849,20.2,27.84,83.952,"6 years, 7 months, 11 days",Moderate,0,10,95,5.053191489361697
Battery 197,21.63,87.86,759,46.3,40.7,3.225,20.1,35.15,61.368,"5 years, 2 months, 1 days",Slow,0,7,85,12.0950323974082
Battery 198,51.14,92.82,368,113.2,105.0,3.667,33.4,28.09,76.148,"7 years, 4 months, 28 days",Slow,40,10,88,7.243816254416968
Battery 199,71.31,97.6,218,60.3,58.9,3.947,20.9,30.44,87.084,"14 years, 7 months, 11 days",Moderate,0,10,96,2.321724709784412
Battery 200,31.54,70.33,2008,91.2,64.1,3.358,23.6,65.41,54.814,"12 years, 2 months, 7 days",Slow,0,7,66,29.714912280701768
Battery 201,23.23,97.86,96,62.9,61.5,3.279,23.6,22.0,68.008,"1 years, 7 months, 15 days",Slow,0,7,94,2.225755166931631
Battery 202,90.57,90.24,678,110.6,99.8,4.158,22.9,29.24,90.372,"11 years, 5 months, 25 days",Fast,0,9,90,9.76491862567812
Battery 203,76.49,92.04,633,48.7,44.8,3.892,25.0,29.97,85.82000000000001,"14 years, 1 months, 3 days",Moderate,0,9,91,8.00821355236141
Battery 204,33.69,94.26,260,97.1,91.5,3.484,20.3,24.25,70.03200000000001,"10 years, 0 months, 22 days",Slow,0,9,94,5.767250257466527
Battery 205,45.07,97.11,148,32.9,32.0,3.556,26.1,26.88,76.294,"14 years, 2 months, 25 days",Slow,20,9,92,2.7355623100303927
Battery 206,80.59,69.85,2059,71.8,50.2,3.96,32.2,54.55,74.146,"9 years, 4 months, 21 days",Moderate,40,10,67,30.083565459610018
Battery 207,15.16,93.33,453,103.6,96.7,3.179,21.0,25.58,62.062,"1 years, 10 months, 26 days",Slow,0,7,90,6.660231660231652
Battery 208,58.37,84.99,724,43.9,37.3,3.742,26.5,38.57,74.34199999999998,"2 years, 2 months, 25 days",Moderate,20,10,85,15.03416856492028
Battery 209,83.1,90.43,526,39.7,35.9,3.995,30.7,27.07,87.498,"6 years, 5 months, 18 days",Moderate,40,10,87,9.571788413098247
Battery 210,61.98,90.95,507,64.7,58.8,3.691,21.6,33.36,79.362,"3 years, 11 months, 9 days",Slow,0,8,89,9.119010819165386
Battery 211,56.16,95.08,523,73.9,70.3,3.697,22.4,28.9,79.512,"12 years, 1 months, 29 days",Slow,0,9,92,4.871447902571058
Battery 212,80.31,94.96,585,118.9,112.9,3.969,31.7,30.55,89.1,"11 years, 10 months, 3 days",Moderate,40,10,87,5.046257359125317
Battery 213,74.22,61.32,2636,33.7,20.7,3.926,30.0,70.88,66.48,"0 years, 0 months, 0 days",Moderate,20,10,64,38.57566765578636
Battery 214,70.28,67.81,2685,112.1,76.0,3.845,23.6,78.77,68.798,"7 years, 9 months, 0 days",Slow,0,9,66,32.20338983050846
Battery 215,90.23,72.13,1956,92.5,66.7,4.133,30.3,64.86,79.37,"0 years, 10 months, 12 days",Moderate,40,10,66,27.891891891891884
Battery 216,36.77,86.82,729,39.0,33.8,3.442,28.6,32.01,66.8,"11 years, 8 months, 26 days",Slow,20,8,83,13.333333333333341
Battery 217,56.2,92.64,622,72.2,66.9,3.692,28.2,31.24,78.064,"8 years, 3 months, 14 days",Slow,20,9,88,7.340720221606645
Battery 218,28.27,87.19,1202,43.9,38.3,3.343,29.0,38.05,63.622,"2 years, 10 months, 19 days",Slow,20,8,80,12.756264236902048
Battery 219,67.49,60.0,2946,81.1,48.6,3.824,21.4,100.75,62.995999999999995,"1 years, 2 months, 11 days",Slow,0,9,59,40.07398273736128
Battery 220,79.78,69.5,2086,78.7,54.7,3.866,32.0,63.18,73.612,"0 years, 1 months, 11 days",Moderate,40,8,62,30.495552731893262
Battery 221,14.55,95.13,396,67.0,63.7,3.243,35.9,29.56,62.897999999999996,"12 years, 11 months, 9 days",Slow,60,8,82,4.925373134328359
Battery 222,27.62,68.19,2284,73.2,49.9,3.33,17.8,87.64,51.961999999999996,"8 years, 2 months, 1 days",Slow,20,8,60,31.83060109289618
Battery 223,94.57,62.87,2816,94.5,59.4,4.072,30.1,92.53,75.54999999999998,"13 years, 5 months, 26 days",Slow,40,9,56,37.142857142857146
Battery 224,94.27,97.61,356,47.8,46.7,4.099,37.2,26.5,96.274,"7 years, 4 months, 7 days",Slow,60,10,87,2.3012552301255096
Battery 225,15.38,93.92,585,114.7,107.8,3.128,21.7,36.56,62.504,"4 years, 5 months, 24 days",Slow,0,6,86,6.0156931124673125
Battery 226,81.29,95.54,340,67.1,64.1,4.057,26.2,25.99,89.84,"12 years, 11 months, 23 days",Fast,20,10,93,4.470938897168408
Battery 227,78.27,89.18,522,83.3,74.3,4.038,42.0,34.03,84.816,"14 years, 0 months, 14 days",Slow,80,9,77,10.80432172869148
Battery 228,69.09,60.0,2685,49.7,29.8,3.849,29.0,87.85,63.636,"4 years, 6 months, 0 days",Slow,20,10,60,40.04024144869216
Battery 229,12.71,99.23,50,115.6,114.7,3.252,20.9,22.44,64.622,"7 years, 5 months, 27 days",Slow,0,9,98,0.7785467128027634
Battery 230,50.45,99.69,139,95.8,95.5,3.575,17.7,22.12,79.994,"12 years, 7 months, 11 days",Slow,20,8,93,0.31315240083507057
Battery 231,42.38,90.91,835,42.5,38.6,3.486,28.3,36.86,71.498,"4 years, 6 months, 18 days",Slow,20,8,83,9.176470588235286
Battery 232,75.81,87.89,629,70.1,61.6,3.889,25.2,34.16,83.058,"2 years, 5 months, 24 days",Moderate,20,9,85,12.125534950071316
Battery 233,53.75,94.53,474,76.2,72.0,3.708,22.8,30.39,78.21799999999999,"1 years, 3 months, 5 days",Moderate,0,10,94,5.511811023622048
Battery 234,71.95,98.61,95,84.4,83.2,3.824,29.1,20.5,87.946,"9 years, 3 months, 3 days",Moderate,20,9,94,1.4218009478673022
Battery 235,42.86,60.42,2994,45.0,27.2,3.502,28.5,95.26,53.396,"14 years, 8 months, 16 days",Slow,20,8,56,39.55555555555556
Battery 236,46.82,78.12,1206,72.5,56.7,3.505,35.9,47.77,65.6,"10 years, 1 months, 19 days",Slow,60,7,67,21.793103448275865
Battery 237,35.08,89.89,676,34.3,30.8,3.424,25.9,33.0,67.966,"10 years, 0 months, 25 days",Slow,20,8,85,10.20408163265305
Battery 238,38.32,98.1,186,75.3,73.8,3.526,14.3,24.1,74.18799999999999,"4 years, 9 months, 6 days",Slow,40,9,90,1.9920318725099584
Battery 239,94.95,73.86,2032,63.5,46.9,4.065,30.0,63.2,82.29599999999999,"3 years, 2 months, 5 days",Moderate,20,9,68,26.14173228346457
Battery 240,74.25,91.53,661,77.4,70.9,3.852,24.4,37.78,84.618,"12 years, 9 months, 15 days",Moderate,0,9,89,8.397932816537468
Battery 241,43.58,96.0,268,90.8,87.2,3.606,21.0,27.19,75.032,"6 years, 4 months, 9 days",Slow,0,10,96,3.964757709251099
Battery 242,14.43,99.23,112,112.4,111.6,3.14,24.9,25.74,65.31,"6 years, 8 months, 23 days",Slow,0,6,92,0.7117437722420017
Battery 243,52.59,71.4,2046,66.8,47.7,3.688,29.8,61.59,63.876000000000005,"13 years, 6 months, 28 days",Slow,20,10,69,28.59281437125748
Battery 244,15.46,67.62,1857,76.0,51.4,3.139,18.4,70.17,46.756,"3 years, 4 months, 5 days",Slow,20,6,61,32.36842105263158
Battery 245,74.54,96.16,150,70.4,67.7,3.899,24.8,24.35,87.512,"4 years, 5 months, 22 days",Moderate,0,10,97,3.835227272727282
Battery 246,12.81,98.23,128,37.0,36.3,3.133,17.0,24.3,64.062,"4 years, 5 months, 5 days",Slow,20,7,90,1.8918918918918948
Battery 247,92.22,89.28,675,100.0,89.3,4.086,21.1,31.21,90.45599999999999,"6 years, 5 months, 22 days",Fast,0,10,91,10.7
Battery 248,41.59,96.85,87,91.4,88.5,3.587,26.2,23.39,74.746,"11 years, 4 months, 13 days",Slow,20,10,95,3.1728665207877538
Battery 249,78.62,73.5,2671,74.3,54.6,3.969,27.4,75.22,75.548,"8 years, 4 months, 26 days",Slow,20,10,67,26.51413189771198
Battery 250,50.31,89.3,542,71.2,63.6,3.603,17.9,38.06,73.70400000000001,"5 years, 11 months, 28 days",Slow,20,8,84,10.67415730337079
Battery 251,38.02,96.33,385,47.1,45.3,3.406,27.6,25.76,73.006,"12 years, 10 months, 11 days",Slow,20,7,88,3.8216560509554243
Battery 252,51.96,60.0,2674,93.9,56.3,3.723,18.4,90.35,56.784000000000006,"7 years, 9 months, 18 days",Slow,20,10,59,40.04259850905218
Battery 253,89.47,97.19,108,48.6,47.2,4.099,25.0,22.61,94.102,"4 years, 5 months, 0 days",Fast,0,10,98,2.8806584362139898
Battery 254,56.87,87.26,751,40.8,35.6,3.776,25.4,34.94,75.104,"4 years, 11 months, 7 days",Moderate,20,10,86,12.745098039215675
Battery 255,89.99,78.7,1696,66.4,52.3,4.135,25.6,48.96,83.21600000000001,"14 years, 7 months, 14 days",Fast,20,10,75,21.234939759036152
Battery 256,49.98,93.01,271,45.3,42.2,3.597,26.4,22.84,75.798,"9 years, 0 months, 25 days",Slow,20,8,90,6.843267108167761
Battery 257,79.86,60.0,2746,114.1,68.5,4.007,18.9,101.52,67.944,"1 years, 2 months, 12 days",Slow,20,10,57,39.96494303242769
Battery 258,81.37,94.56,166,101.8,96.3,3.933,27.3,23.65,89.28399999999999,"12 years, 1 months, 11 days",Moderate,20,9,92,5.402750491159136
Battery 259,31.17,97.42,469,84.3,82.1,3.335,16.2,32.18,70.92,"10 years, 9 months, 0 days",Slow,20,7,87,2.60972716488731
Battery 260,53.65,91.67,500,36.4,33.4,3.654,24.4,35.84,76.462,"12 years, 6 months, 9 days",Slow,0,9,90,8.241758241758246
Battery 261,44.88,73.52,2277,76.4,56.2,3.494,23.7,71.23,62.06399999999999,"3 years, 2 months, 2 days",Slow,0,7,66,26.439790575916234
Battery 262,87.2,93.3,702,74.9,69.9,4.034,32.7,35.12,90.86,"5 years, 6 months, 6 days",Moderate,40,10,85,6.6755674232309765
Battery 263,73.58,78.78,1418,70.4,55.4,3.897,22.5,61.27,76.7,"4 years, 2 months, 29 days",Moderate,0,10,78,21.306818181818187
Battery 264,84.77,64.66,2260,106.9,69.1,3.992,29.5,62.53,72.70400000000001,"5 years, 11 months, 9 days",Moderate,20,9,65,35.36014967259121
Battery 265,54.2,84.59,1518,93.4,79.0,3.746,20.8,55.03,72.434,"8 years, 10 months, 10 days",Moderate,0,10,80,15.417558886509642
Battery 266,28.76,97.39,315,68.5,66.7,3.346,23.1,30.13,69.938,"10 years, 6 months, 3 days",Slow,0,8,93,2.6277372262773713
Battery 267,71.68,72.56,2663,73.0,53.0,3.793,24.4,71.33,72.208,"14 years, 5 months, 16 days",Moderate,0,8,68,27.397260273972602
Battery 268,81.78,94.7,498,115.8,109.7,4.0,28.6,27.83,89.53200000000001,"6 years, 2 months, 10 days",Moderate,20,10,91,5.267702936096718
Battery 269,59.6,95.96,158,76.6,73.5,3.76,27.3,28.68,81.416,"13 years, 9 months, 14 days",Moderate,20,10,93,4.046997389033935
Battery 270,18.4,91.51,678,61.2,56.0,3.295,24.2,33.93,62.266,"4 years, 10 months, 17 days",Slow,0,9,89,8.496732026143794
Battery 271,44.34,81.41,1445,77.9,63.4,3.617,25.0,48.99,66.582,"0 years, 10 months, 28 days",Slow,0,10,81,18.613607188703472
Battery 272,56.75,100.0,118,46.5,46.5,3.714,27.1,22.75,82.7,"11 years, 0 months, 0 days",Moderate,20,9,94,0.0
Battery 273,85.03,67.09,1939,106.9,71.7,3.946,31.7,66.31,74.26599999999999,"5 years, 5 months, 16 days",Moderate,40,8,61,32.92797006548176
Battery 274,82.52,90.37,644,105.2,95.0,3.895,31.7,36.87,87.23,"12 years, 8 months, 15 days",Moderate,40,8,81,9.695817490494296
Battery 275,99.19,69.91,2877,64.3,45.0,4.2,34.0,78.71,81.622,"8 years, 5 months, 10 days",Slow,40,10,62,30.015552099533437
Battery 276,35.5,96.17,119,98.8,95.0,3.365,20.9,23.84,71.902,"4 years, 5 months, 22 days",Slow,0,7,93,3.8461538461538436
Battery 277,35.57,92.06,482,91.6,84.4,3.428,27.6,34.75,69.464,"8 years, 8 months, 24 days",Slow,20,8,86,7.86026200873361
Battery 278,39.18,92.28,680,48.2,44.4,3.51,28.6,29.15,71.04,"9 years, 0 months, 17 days",Slow,20,9,88,7.883817427385898
Battery 279,39.38,80.94,1910,74.9,60.7,3.386,26.4,66.69,64.316,"6 years, 5 months, 2 days",Slow,20,6,66,18.95861148197597
Battery 280,35.17,77.79,2337,105.6,82.1,3.417,27.0,61.93,60.742000000000004,"3 years, 11 months, 2 days",Slow,20,8,68,22.25378787878788
Battery 281,94.42,97.92,184,62.7,61.4,4.067,32.4,20.1,96.52,"4 years, 1 months, 10 days",Moderate,40,9,91,2.0733652312599715
Battery 282,47.73,75.08,1861,95.9,72.0,3.565,25.8,60.21,64.13999999999999,"7 years, 2 months, 5 days",Slow,20,8,68,24.921793534932224
Battery 283,47.26,99.41,135,69.5,69.1,3.627,38.2,20.46,78.55,"11 years, 11 months, 29 days",Slow,60,10,90,0.575539568345329
Battery 284,45.09,88.36,1141,114.5,101.2,3.45,18.4,41.38,71.05199999999999,"4 years, 6 months, 2 days",Slow,20,6,77,11.615720524017469
Battery 285,11.98,89.32,677,49.5,44.2,3.05,24.1,38.15,58.38399999999999,"5 years, 10 months, 6 days",Slow,0,5,82,10.707070707070699
Battery 286,14.16,90.01,632,77.9,70.1,3.114,24.5,40.32,59.67,"0 years, 8 months, 0 days",Slow,0,6,83,10.01283697047498
Battery 287,24.28,92.73,504,42.3,39.3,3.273,17.3,29.24,65.35,"3 years, 7 months, 13 days",Slow,20,7,86,7.092198581560282
Battery 288,34.32,90.84,660,106.0,96.3,3.328,25.3,36.8,68.232,"8 years, 7 months, 16 days",Slow,20,6,81,9.150943396226419
Battery 289,40.29,71.92,2638,98.7,71.0,3.444,36.5,66.15,59.268,"10 years, 6 months, 27 days",Slow,60,7,58,28.06484295845998
Battery 290,44.5,63.09,2107,35.0,22.1,3.547,28.9,67.29,55.653999999999996,"11 years, 2 months, 28 days",Slow,20,9,63,36.857142857142854
Battery 291,34.93,73.35,2103,63.4,46.5,3.359,25.8,70.29,57.982,"7 years, 2 months, 20 days",Slow,20,7,64,26.65615141955836
Battery 292,32.98,94.83,310,69.8,66.2,3.427,18.8,30.17,70.09,"6 years, 3 months, 22 days",Slow,20,8,89,5.157593123209159
Battery 293,41.76,95.91,235,42.3,40.5,3.422,19.9,23.96,74.25,"6 years, 4 months, 26 days",Slow,20,7,89,4.255319148936165
Battery 294,90.29,89.35,718,80.3,71.7,4.062,20.8,33.72,89.726,"2 years, 8 months, 24 days",Fast,0,10,90,10.70983810709838
Battery 295,70.97,70.77,2148,34.1,24.1,3.892,28.4,69.88,70.85,"7 years, 7 months, 16 days",Moderate,20,10,67,29.325513196480934
Battery 296,49.23,63.47,2961,119.4,75.8,3.494,25.2,85.14,57.774,"10 years, 0 months, 9 days",Slow,20,7,57,36.51591289782245
Battery 297,60.66,96.87,127,104.8,101.5,3.658,30.5,18.28,82.386,"7 years, 2 months, 7 days",Slow,40,8,89,3.1488549618320594
Battery 298,99.38,94.73,630,75.2,71.2,4.108,39.0,29.05,96.59,"3 years, 10 months, 24 days",Slow,60,9,83,5.319148936170215
Battery 299,54.52,95.86,202,65.5,62.8,3.678,24.1,26.39,79.324,"6 years, 9 months, 11 days",Slow,0,9,95,4.122137404580162
Battery 300,58.28,97.91,137,108.8,106.6,3.685,20.3,24.89,82.05799999999999,"12 years, 0 months, 11 days",Slow,0,9,96,2.0220588235294157
Battery 301,10.54,100.0,133,81.4,81.4,3.191,24.6,21.72,64.216,"3 years, 6 months, 0 days",Slow,0,8,96,0.0
Battery 302,54.04,94.2,358,47.1,44.4,3.713,25.4,26.96,78.136,"8 years, 4 months, 17 days",Moderate,20,10,92,5.732484076433131
Battery 303,54.27,97.28,91,92.8,90.3,3.585,16.2,27.78,80.076,"13 years, 6 months, 13 days",Slow,20,7,90,2.6939655172413812
Battery 304,12.44,95.51,219,91.5,87.4,3.097,25.2,23.7,62.282000000000004,"10 years, 6 months, 5 days",Slow,20,6,88,4.480874316939887
Battery 305,90.57,96.52,115,83.7,80.8,4.037,27.8,22.66,94.13999999999999,"9 years, 8 months, 12 days",Fast,20,9,93,3.4647550776583103
Battery 306,28.87,82.75,1137,35.6,29.5,3.418,19.4,40.38,61.198,"12 years, 0 months, 23 days",Slow,20,9,80,17.13483146067416
Battery 307,47.61,69.02,1751,106.2,73.3,3.61,36.8,59.11,60.456,"10 years, 11 months, 4 days",Slow,60,9,62,30.97928436911488
Battery 308,45.17,80.42,1039,75.8,61.0,3.452,26.1,48.62,66.32000000000001,"11 years, 5 months, 0 days",Slow,20,7,75,19.525065963060683
Battery 309,39.71,86.71,863,48.1,41.7,3.498,23.1,35.04,67.91,"12 years, 11 months, 10 days",Slow,0,9,87,13.305613305613306
Battery 310,51.93,97.1,228,82.1,79.7,3.638,20.8,26.8,79.032,"5 years, 3 months, 20 days",Slow,0,9,95,2.923264311814855
Battery 311,94.57,67.15,2969,41.2,27.7,4.165,44.3,76.66,78.118,"4 years, 7 months, 26 days",Slow,80,10,56,32.76699029126215
Battery 312,32.56,65.93,2294,73.1,48.2,3.37,20.2,79.95,52.582,"8 years, 0 months, 29 days",Slow,0,7,62,34.062927496580016
Battery 313,46.43,74.26,2397,118.5,88.0,3.577,20.7,76.86,63.128,"2 years, 7 months, 3 days",Slow,0,9,69,25.73839662447257
Battery 314,57.58,100.0,165,39.8,39.8,3.678,17.7,23.26,83.032,"2 years, 6 months, 0 days",Slow,20,9,94,0.0
Battery 315,82.42,88.75,1162,98.8,87.7,3.946,28.5,50.65,86.218,"11 years, 10 months, 10 days",Moderate,20,9,80,11.234817813765174
Battery 316,55.66,68.59,2052,66.0,45.3,3.652,29.4,59.66,63.418000000000006,"12 years, 1 months, 29 days",Slow,20,8,65,31.36363636363637
Battery 317,96.28,100.0,60,119.2,119.2,4.2,31.2,22.31,98.512,"10 years, 0 months, 0 days",Moderate,40,10,93,0.0
Battery 318,48.98,87.47,1084,75.6,66.2,3.653,26.9,37.75,72.074,"10 years, 7 months, 10 days",Slow,20,10,84,12.43386243386242
Battery 319,46.36,98.27,256,98.3,96.6,3.516,21.8,22.11,77.506,"1 years, 10 months, 29 days",Slow,0,8,95,1.7293997965411978
Battery 320,42.94,97.75,401,104.5,102.2,3.447,25.6,24.87,75.826,"1 years, 6 months, 4 days",Slow,20,7,89,2.200956937799037
Battery 321,83.62,97.16,64,35.6,34.6,3.957,25.6,18.53,91.744,"10 years, 6 months, 3 days",Moderate,20,9,94,2.8089887640449396
Battery 322,28.82,94.99,120,100.1,95.1,3.405,26.3,19.89,68.52199999999999,"7 years, 10 months, 26 days",Slow,20,9,93,4.995004995004992
Battery 323,88.47,89.49,753,69.0,61.8,4.074,25.6,33.41,89.082,"2 years, 11 months, 19 days",Fast,20,10,87,10.43478260869566
Battery 324,45.47,85.52,1543,44.3,37.9,3.544,28.0,49.41,69.5,"0 years, 4 months, 28 days",Slow,20,8,76,14.446952595936791
Battery 325,64.24,86.68,777,70.2,60.8,3.809,24.8,38.13,77.70400000000001,"5 years, 0 months, 17 days",Moderate,0,10,88,13.390313390313402
Battery 326,50.13,89.15,934,49.9,44.5,3.665,19.6,40.07,73.542,"10 years, 2 months, 1 days",Slow,20,10,85,10.821643286573146
Battery 327,56.4,97.01,144,30.8,29.9,3.767,18.5,26.07,80.766,"0 years, 3 months, 1 days",Moderate,20,10,94,2.922077922077926
Battery 328,76.66,92.19,677,65.7,60.6,3.99,26.0,29.98,85.97800000000001,"9 years, 10 months, 1 days",Moderate,20,10,89,7.762557077625576
Battery 329,58.58,96.99,73,101.2,98.1,3.664,21.7,22.25,81.626,"4 years, 5 months, 29 days",Slow,0,8,95,3.063241106719372
Battery 330,24.31,99.21,200,32.3,32.1,3.372,23.9,24.72,69.25,"7 years, 10 months, 20 days",Slow,0,9,96,0.6191950464396134
Battery 331,10.75,60.0,2671,107.8,64.7,3.039,16.4,92.66,40.3,"8 years, 8 months, 12 days",Slow,20,5,52,39.98144712430426
Battery 332,62.73,85.71,1212,30.2,25.9,3.852,29.3,44.6,76.518,"7 years, 8 months, 11 days",Moderate,20,10,81,14.238410596026496
Battery 333,77.07,78.56,1564,69.8,54.8,3.911,24.6,67.77,77.964,"6 years, 3 months, 3 days",Moderate,0,9,74,21.489971346704873
Battery 334,43.18,88.46,538,47.6,42.1,3.511,24.0,33.77,70.348,"1 years, 7 months, 21 days",Slow,0,8,88,11.5546218487395
Battery 335,19.44,93.28,691,97.5,91.0,3.138,17.6,38.71,63.744,"10 years, 6 months, 6 days",Slow,20,5,80,6.666666666666665
Battery 336,56.02,96.77,257,69.2,67.0,3.731,25.9,23.48,80.47,"3 years, 4 months, 6 days",Moderate,20,10,94,3.1791907514450934
Battery 337,97.99,99.79,234,77.5,77.3,4.198,28.0,26.9,99.07,"11 years, 1 months, 22 days",Fast,20,10,94,0.2580645161290307
Battery 338,35.0,100.0,115,31.8,31.8,3.429,22.5,25.57,74.0,"12 years, 6 months, 0 days",Slow,0,8,95,0.0
Battery 339,18.59,72.66,1887,43.7,31.7,3.32,22.9,53.21,51.032,"11 years, 0 months, 19 days",Slow,0,9,73,27.459954233409622
Battery 340,48.51,77.14,1176,83.2,64.1,3.632,24.4,40.87,65.688,"2 years, 9 months, 24 days",Slow,0,9,81,22.95673076923078
Battery 341,31.21,67.17,2027,48.0,32.3,3.436,22.0,82.5,52.786,"5 years, 11 months, 5 days",Slow,0,9,65,32.70833333333334
Battery 342,97.7,93.88,369,99.3,93.2,4.147,31.5,27.51,95.408,"0 years, 7 months, 2 days",Moderate,40,10,89,6.143001007049342
Battery 343,26.76,95.52,544,36.4,34.8,3.274,23.3,27.97,68.01599999999999,"5 years, 4 months, 18 days",Slow,0,7,90,4.395604395604402
Battery 344,78.24,93.77,335,64.8,60.7,3.995,24.5,34.45,87.55799999999999,"0 years, 7 months, 18 days",Moderate,0,10,93,6.327160493827155
Battery 345,43.79,94.47,556,70.0,66.1,3.52,29.0,29.38,74.198,"7 years, 0 months, 26 days",Slow,20,8,87,5.571428571428583
Battery 346,81.05,89.98,469,76.2,68.6,3.902,31.2,32.88,86.408,"13 years, 9 months, 16 days",Moderate,40,8,83,9.973753280839903
Battery 347,48.86,98.33,284,73.1,71.8,3.607,28.5,26.48,78.542,"3 years, 8 months, 1 days",Slow,20,9,92,1.7783857729138153
Battery 348,46.51,94.53,160,60.7,57.4,3.483,28.9,20.26,75.322,"14 years, 8 months, 3 days",Slow,20,7,90,5.436573311367388
Battery 349,20.03,92.28,442,34.6,31.9,3.256,33.3,29.17,63.38,"13 years, 10 months, 10 days",Slow,40,8,84,7.8034682080924895
Battery 350,97.08,60.0,2306,82.5,49.5,4.2,25.4,88.57,74.832,"13 years, 2 months, 12 days",Slow,20,10,60,40.0
Battery 351,78.17,88.92,757,98.8,87.9,3.969,30.0,33.15,84.62,"12 years, 7 months, 19 days",Moderate,20,10,87,11.032388663967607
Battery 352,19.22,61.09,2754,93.1,56.9,3.26,26.5,84.2,44.342000000000006,"9 years, 8 months, 8 days",Slow,20,8,58,38.8829215896885
Battery 353,63.46,60.0,2836,72.2,43.3,3.698,32.9,93.46,61.384,"4 years, 2 months, 12 days",Slow,40,8,53,40.02770083102494
Battery 354,89.98,99.58,90,65.6,65.3,4.046,28.6,18.43,95.74000000000001,"5 years, 11 months, 26 days",Fast,20,9,95,0.45731707317072656
Battery 355,83.1,85.98,763,72.1,62.0,4.014,33.1,30.74,84.828,"6 years, 9 months, 13 days",Moderate,40,10,83,14.00832177531206
Battery 356,72.67,80.55,1695,41.2,33.2,3.925,23.1,61.94,77.398,"2 years, 10 months, 1 days",Moderate,0,10,77,19.417475728155342
Battery 357,74.95,97.22,159,71.4,69.4,3.831,21.4,26.93,88.312,"9 years, 10 months, 27 days",Moderate,0,8,94,2.801120448179273
Battery 358,32.7,99.17,140,62.6,62.1,3.367,27.8,27.57,72.582,"7 years, 3 months, 11 days",Slow,20,7,90,0.7987220447284393
Battery 359,52.08,65.09,2071,44.4,28.9,3.593,24.2,72.94,59.886,"6 years, 10 months, 21 days",Slow,0,8,65,34.909909909909906
Battery 360,97.02,95.56,523,97.5,93.2,4.114,38.0,25.75,96.144,"0 years, 8 months, 15 days",Slow,60,9,84,4.410256410256408
Battery 361,10.96,93.16,791,45.8,42.7,3.202,23.7,38.9,60.279999999999994,"8 years, 1 months, 24 days",Slow,0,8,87,6.768558951965053
Battery 362,76.55,77.72,1856,74.3,57.8,3.898,27.7,60.71,77.252,"10 years, 11 months, 15 days",Moderate,20,9,71,22.20726783310902
Battery 363,24.24,60.0,2895,110.5,66.3,3.192,20.3,87.89,45.696,"1 years, 6 months, 0 days",Slow,0,5,55,40.0
Battery 364,75.95,90.53,668,67.8,61.3,3.815,27.6,30.53,84.69800000000001,"2 years, 11 months, 4 days",Moderate,20,8,85,9.587020648967549
Battery 365,42.73,93.85,282,61.8,58.0,3.414,27.0,25.32,73.40199999999999,"11 years, 2 months, 1 days",Slow,20,6,86,6.148867313915851
Battery 366,98.56,98.54,256,91.4,90.0,4.2,32.3,23.13,98.548,"4 years, 3 months, 6 days",Moderate,40,10,92,1.5317286652078876
Battery 367,42.19,100.0,59,36.7,36.7,3.446,21.2,24.69,76.876,"10 years, 6 months, 0 days",Slow,0,7,94,0.0
Battery 368,71.92,69.66,1987,33.9,23.6,3.873,26.0,64.71,70.564,"4 years, 6 months, 10 days",Moderate,20,10,68,30.3834808259587
Battery 369,67.13,93.48,791,112.0,104.7,3.777,28.5,41.07,82.94,"10 years, 1 months, 1 days",Moderate,20,9,85,6.517857142857142
Battery 370,58.39,95.21,479,66.2,63.0,3.721,22.7,34.77,80.482,"4 years, 0 months, 25 days",Moderate,0,9,92,4.8338368580060465
Battery 371,72.66,94.1,585,74.1,69.7,3.957,25.1,35.61,85.524,"5 years, 9 months, 2 days",Moderate,20,10,89,5.937921727395401
Battery 372,86.05,93.81,496,30.1,28.2,3.963,25.8,30.54,90.706,"0 years, 5 months, 12 days",Moderate,20,9,89,6.312292358803995
Battery 373,57.52,60.0,2865,82.5,49.5,3.659,21.2,82.99,59.008,"10 years, 6 months, 0 days",Slow,0,8,61,40.0
Battery 374,98.36,79.62,1771,103.9,82.7,4.088,20.7,49.09,87.116,"1 years, 1 months, 29 days",Fast,0,9,77,20.404234841193457
Battery 375,65.49,94.9,541,43.2,41.0,3.834,36.4,34.8,83.136,"2 years, 3 months, 16 days",Slow,60,10,84,5.092592592592604
Battery 376,43.19,92.94,351,38.2,35.5,3.476,27.2,30.31,73.03999999999999,"1 years, 3 months, 14 days",Slow,20,7,86,7.068062827225141
Battery 377,38.06,79.94,1616,63.8,51.0,3.465,25.3,56.36,63.188,"3 years, 5 months, 24 days",Slow,20,8,72,20.062695924764885
Battery 378,24.16,92.69,641,63.6,59.0,3.312,20.2,34.51,65.27799999999999,"14 years, 9 months, 28 days",Slow,0,8,88,7.232704402515722
Battery 379,24.15,63.79,2682,82.7,52.7,3.263,33.6,83.8,47.934,"7 years, 5 months, 21 days",Slow,40,7,55,36.27569528415962
Battery 380,35.06,79.56,1067,48.8,38.8,3.399,25.6,41.74,61.76,"11 years, 1 months, 23 days",Slow,20,7,76,20.491803278688526
Battery 381,91.08,76.24,1831,63.8,48.6,4.038,32.5,67.98,82.17599999999999,"4 years, 5 months, 2 days",Moderate,40,9,66,23.8244514106583
Battery 382,18.54,76.41,1325,106.0,81.0,3.284,36.2,52.97,53.262,"2 years, 10 months, 18 days",Slow,60,8,67,23.584905660377352
Battery 383,29.23,92.53,728,66.3,61.4,3.348,26.2,36.63,67.21000000000001,"3 years, 5 months, 26 days",Slow,20,8,85,7.390648567119151
Battery 384,67.98,90.0,684,47.0,42.3,3.811,27.1,33.79,81.19200000000001,"7 years, 2 months, 12 days",Moderate,20,9,86,10.000000000000009
Battery 385,27.53,99.3,90,32.7,32.5,3.425,19.5,29.23,70.592,"3 years, 3 months, 23 days",Slow,20,9,93,0.6116207951070374
Battery 386,42.42,91.87,333,43.5,40.0,3.523,25.8,24.29,72.09,"0 years, 8 months, 25 days",Slow,20,8,89,8.045977011494255
Battery 387,79.79,80.93,943,49.9,40.3,4.015,31.7,40.87,80.474,"7 years, 8 months, 17 days",Moderate,40,10,79,19.238476953907824
Battery 388,99.95,74.84,2619,68.1,51.0,4.199,42.4,67.21,84.88400000000001,"8 years, 4 months, 13 days",Slow,80,10,60,25.110132158590304
Battery 389,51.72,92.6,622,69.6,64.4,3.626,16.2,28.12,76.24799999999999,"8 years, 0 months, 5 days",Slow,20,9,88,7.471264367816078
Battery 390,55.47,76.57,2026,45.5,34.8,3.595,20.7,55.37,68.13,"5 years, 0 months, 16 days",Slow,0,7,70,23.51648351648352
Battery 391,37.4,60.0,2944,41.5,24.9,3.537,28.6,90.26,50.96,"1 years, 9 months, 18 days",Slow,20,10,59,40.0
Battery 392,78.56,98.4,293,71.4,70.2,3.868,29.9,23.34,90.464,"14 years, 10 months, 3 days",Moderate,20,8,91,1.6806722689075682
Battery 393,68.59,97.68,167,114.2,111.5,3.878,23.7,24.49,86.04400000000001,"10 years, 2 months, 25 days",Moderate,0,10,97,2.3642732049036774
Battery 394,94.69,90.05,650,43.2,38.9,4.076,30.8,32.29,91.90599999999999,"7 years, 10 months, 1 days",Moderate,40,9,83,9.95370370370371
Battery 395,35.76,88.76,602,112.2,99.6,3.435,23.9,30.67,67.56,"5 years, 5 months, 5 days",Slow,0,8,88,11.229946524064182
Battery 396,83.67,88.8,779,82.6,73.4,3.963,27.8,39.62,86.74799999999999,"2 years, 1 months, 14 days",Moderate,20,9,84,11.13801452784502
Battery 397,48.95,95.1,293,68.1,64.7,3.62,27.2,26.79,76.64,"1 years, 8 months, 4 days",Slow,20,9,91,4.992657856093963
Battery 398,80.05,81.89,1428,47.9,39.3,3.905,28.4,49.41,81.154,"9 years, 2 months, 13 days",Moderate,20,9,76,17.954070981210858
Battery 399,60.25,88.59,570,36.5,32.3,3.665,26.9,37.32,77.254,"3 years, 5 months, 0 days",Slow,20,8,84,11.506849315068502
Battery 400,43.24,81.15,1773,47.4,38.4,3.591,23.0,52.69,65.986,"2 years, 1 months, 7 days",Slow,0,10,78,18.9873417721519
Battery 401,95.41,93.41,537,69.9,65.3,4.069,33.5,28.97,94.21000000000001,"8 years, 3 months, 15 days",Moderate,40,9,86,6.580829756795437
Battery 402,42.62,88.74,637,35.8,31.8,3.579,28.7,34.66,70.29199999999999,"4 years, 9 months, 4 days",Slow,20,10,87,11.173184357541889
Battery 403,47.62,80.78,1786,49.1,39.7,3.537,39.5,57.19,67.51599999999999,"11 years, 5 months, 6 days",Slow,60,8,65,19.14460285132382
Battery 404,60.99,87.76,777,68.1,59.7,3.716,30.1,32.81,77.05199999999999,"11 years, 7 months, 24 days",Moderate,40,9,82,12.334801762114523
Battery 405,49.5,90.45,527,49.1,44.4,3.67,26.3,27.65,74.07000000000001,"6 years, 1 months, 29 days",Slow,20,10,90,9.572301425661923
Battery 406,17.18,81.13,1500,81.6,66.2,3.2,21.9,58.52,55.55,"7 years, 9 months, 26 days",Slow,0,7,74,18.87254901960783
Battery 407,68.71,77.74,1715,74.0,57.5,3.731,26.3,52.18,74.128,"5 years, 9 months, 10 days",Moderate,20,7,70,22.297297297297302
Battery 408,98.54,75.04,2578,65.6,49.3,4.161,30.7,75.11,84.44,"8 years, 1 months, 18 days",Slow,40,10,65,24.84756097560975
Battery 409,59.12,90.81,723,37.9,34.4,3.612,21.9,35.41,78.134,"9 years, 9 months, 25 days",Slow,0,7,86,9.234828496042214
Battery 410,33.41,89.92,611,92.5,83.2,3.416,25.4,28.62,67.316,"9 years, 5 months, 27 days",Slow,20,8,86,10.05405405405405
Battery 411,86.94,100.0,91,69.0,69.0,3.999,33.1,21.44,94.77600000000001,"9 years, 6 months, 0 days",Moderate,40,9,92,0.0
Battery 412,66.97,99.55,296,79.6,79.2,3.798,30.7,26.65,86.518,"8 years, 1 months, 29 days",Moderate,40,9,90,0.5025125628140614
Battery 413,71.69,97.53,91,45.9,44.7,3.825,41.0,21.39,87.194,"0 years, 11 months, 2 days",Slow,80,9,85,2.614379084967311
Battery 414,97.05,65.57,2645,34.7,22.7,4.2,26.0,90.33,78.16199999999999,"13 years, 6 months, 13 days",Slow,20,10,61,34.58213256484151
Battery 415,89.28,92.11,433,48.7,44.8,4.095,24.9,31.11,90.97800000000001,"1 years, 8 months, 5 days",Fast,0,10,93,8.00821355236141
Battery 416,52.82,85.08,797,35.9,30.6,3.648,24.4,37.79,72.17599999999999,"1 years, 9 months, 2 days",Slow,0,9,86,14.763231197771576
Battery 417,62.18,94.29,354,65.2,61.4,3.668,25.8,26.09,81.446,"11 years, 0 months, 2 days",Slow,20,7,88,5.828220858895716
Battery 418,26.6,91.17,665,68.4,62.4,3.412,26.7,28.2,65.342,"8 years, 6 months, 21 days",Slow,20,9,88,8.771929824561408
Battery 419,88.91,98.52,252,90.9,89.5,4.022,29.4,25.61,94.67599999999999,"6 years, 0 months, 23 days",Fast,20,9,93,1.5401540154015514
Battery 420,61.27,66.21,2498,38.7,25.6,3.759,33.7,79.34,64.234,"0 years, 1 months, 19 days",Slow,40,9,59,33.85012919896641
Battery 421,13.53,75.37,1620,40.2,30.3,3.126,18.1,64.47,50.634,"8 years, 2 months, 13 days",Slow,20,6,66,24.626865671641795
Battery 422,86.3,67.85,1745,74.4,50.5,4.1,33.5,69.58,75.22999999999999,"11 years, 6 months, 3 days",Moderate,40,10,64,32.123655913978496
Battery 423,39.2,95.9,562,73.6,70.6,3.377,19.9,30.68,73.22,"14 years, 6 months, 7 days",Slow,20,6,85,4.07608695652174
Battery 424,41.59,66.3,2176,50.0,33.1,3.469,25.9,75.84,56.416,"1 years, 7 months, 26 days",Slow,20,8,61,33.8
Battery 425,59.75,92.18,329,42.2,38.9,3.816,28.6,26.12,79.208,"5 years, 1 months, 29 days",Moderate,20,10,91,7.81990521327015
Battery 426,22.85,97.38,432,35.1,34.2,3.292,14.4,26.89,67.568,"13 years, 5 months, 15 days",Slow,40,8,87,2.564102564102555
Battery 427,73.71,96.53,260,33.1,31.9,3.79,23.4,27.15,87.402,"14 years, 9 months, 21 days",Moderate,0,8,93,3.625377643504535
Battery 428,71.35,95.74,221,75.6,72.4,3.855,26.6,26.8,85.984,"11 years, 7 months, 8 days",Moderate,20,9,92,4.232804232804222
Battery 429,54.71,87.35,617,112.1,97.9,3.674,28.4,31.59,74.294,"4 years, 0 months, 9 days",Slow,20,9,86,12.667261373773409
Battery 430,54.28,79.91,1864,31.2,25.0,3.696,29.4,61.99,69.658,"9 years, 4 months, 1 days",Slow,20,10,73,19.87179487179487
Battery 431,72.87,97.47,373,38.4,37.5,3.86,26.6,26.65,87.63,"12 years, 11 months, 0 days",Moderate,20,9,91,2.34375
Battery 432,36.24,93.35,319,63.7,59.4,3.41,22.9,30.3,70.506,"4 years, 7 months, 8 days",Slow,0,7,90,6.75039246467819
Battery 433,91.06,98.43,61,64.9,63.9,4.149,32.6,21.35,95.482,"9 years, 3 months, 10 days",Moderate,40,10,93,1.5408320493066396
Battery 434,70.9,77.21,1231,119.9,92.6,3.761,31.5,49.19,74.68599999999999,"11 years, 10 months, 14 days",Moderate,40,8,71,22.768974145120946
Battery 435,66.34,98.7,218,74.7,73.7,3.851,22.1,23.13,85.756,"9 years, 5 months, 0 days",Moderate,0,10,98,1.338688085676032
Battery 436,34.97,85.09,1151,30.0,25.5,3.428,23.0,48.43,65.042,"1 years, 2 months, 14 days",Slow,0,8,81,15.000000000000002
Battery 437,32.86,96.3,71,74.7,71.9,3.439,21.1,27.93,70.92399999999999,"13 years, 9 months, 22 days",Slow,0,9,95,3.748326639892896
Battery 438,54.31,83.85,1249,103.1,86.4,3.701,27.2,46.05,72.03399999999999,"14 years, 10 months, 8 days",Moderate,20,10,80,16.19786614936953
Battery 439,45.32,87.04,1242,30.0,26.1,3.532,22.6,38.87,70.352,"14 years, 10 months, 17 days",Slow,0,8,83,13.0
Battery 440,24.32,73.68,1744,112.0,82.5,3.33,23.5,62.32,53.93600000000001,"4 years, 3 months, 21 days",Slow,0,8,71,26.339285714285708
Battery 441,72.16,97.08,342,72.0,69.8,3.809,31.3,23.88,87.112,"9 years, 9 months, 15 days",Moderate,40,8,88,3.055555555555556
Battery 442,94.34,94.4,351,98.6,93.1,4.141,32.2,25.62,94.376,"13 years, 3 months, 28 days",Moderate,40,10,89,5.578093306288034
Battery 443,37.29,89.68,620,37.7,33.9,3.527,28.0,32.8,68.724,"3 years, 9 months, 15 days",Slow,20,10,88,10.079575596816992
Battery 444,32.0,92.4,529,60.7,56.1,3.446,20.6,29.02,68.24000000000001,"4 years, 7 months, 6 days",Slow,0,9,91,7.578253706754534
Battery 445,91.11,90.56,433,74.3,67.3,4.185,31.2,34.3,90.78,"4 years, 6 months, 13 days",Moderate,40,9,84,9.42126514131898
Battery 446,49.56,60.0,2406,78.3,47.0,3.671,22.3,85.55,55.824,"13 years, 2 months, 12 days",Slow,0,10,63,39.97445721583652
Battery 447,63.66,93.57,535,37.6,35.2,3.782,30.0,28.56,81.606,"10 years, 4 months, 24 days",Moderate,20,9,89,6.382978723404253
Battery 448,17.17,72.05,1952,71.0,51.2,3.197,21.1,76.8,50.098,"2 years, 3 months, 15 days",Slow,0,7,65,27.88732394366197
Battery 449,46.54,86.29,929,80.8,69.7,3.493,28.6,35.18,70.39,"12 years, 0 months, 29 days",Slow,20,7,80,13.737623762376227
Battery 450,60.94,60.0,2915,100.6,60.3,3.674,28.7,82.05,60.376000000000005,"10 years, 6 months, 0 days",Slow,20,8,58,40.059642147117295
Battery 451,81.85,64.83,2335,112.6,73.0,3.94,30.2,66.32,71.638,"11 years, 4 months, 27 days",Moderate,40,9,61,35.16873889875666
Battery 452,25.96,99.01,257,33.7,33.3,3.336,19.5,27.46,69.78999999999999,"7 years, 10 months, 13 days",Slow,20,8,91,1.1869436201780603
Battery 453,53.37,100.0,97,37.1,37.1,3.662,25.5,25.74,81.348,"6 years, 6 months, 0 days",Slow,20,9,94,0.0
Battery 454,91.42,80.71,1602,33.0,26.7,4.19,24.2,61.15,84.994,"10 years, 7 months, 10 days",Moderate,0,9,76,19.090909090909093
Battery 455,23.63,88.6,653,66.4,58.8,3.287,28.4,32.48,62.611999999999995,"11 years, 8 months, 19 days",Slow,20,8,84,11.44578313253013
Battery 456,85.26,93.04,719,70.2,65.3,4.035,20.6,41.6,89.92800000000001,"10 years, 11 months, 1 days",Fast,0,10,90,6.980056980056992
Battery 457,76.71,98.47,81,80.8,79.6,3.954,25.0,22.33,89.76599999999999,"14 years, 9 months, 25 days",Moderate,0,10,99,1.4851485148514865
Battery 458,79.66,88.74,1302,34.5,30.7,3.954,24.1,42.03,85.10799999999999,"9 years, 8 months, 12 days",Moderate,0,10,85,11.014492753623195
Battery 459,84.53,98.23,200,77.9,76.5,4.012,28.7,22.63,92.75,"14 years, 0 months, 25 days",Fast,20,10,95,1.797175866495515
Battery 460,17.14,91.32,351,81.8,74.7,3.117,21.1,25.69,61.647999999999996,"2 years, 11 months, 6 days",Slow,0,5,87,8.679706601466986
Battery 461,38.73,75.38,1951,83.1,62.6,3.422,21.1,51.23,60.71999999999999,"3 years, 5 months, 18 days",Slow,0,7,71,24.669073405535492
Battery 462,96.53,95.41,303,94.5,90.2,4.137,30.0,23.25,95.858,"14 years, 6 months, 19 days",Moderate,20,10,93,4.550264550264549
Battery 463,87.56,78.15,1466,43.2,33.8,4.059,24.9,48.39,81.914,"13 years, 7 months, 27 days",Fast,0,10,80,21.759259259259267
Battery 464,40.22,93.9,388,74.3,69.8,3.439,24.1,28.46,72.428,"6 years, 10 months, 0 days",Slow,0,7,90,6.0565275908479155
Battery 465,95.81,93.81,315,92.3,86.6,4.099,28.9,23.56,94.61000000000001,"10 years, 4 months, 5 days",Fast,20,9,91,6.175514626218859
Battery 466,49.67,99.98,210,44.5,44.5,3.51,22.5,27.17,79.856,"9 years, 9 months, 25 days",Slow,0,7,93,0.0
Battery 467,23.57,92.24,552,106.5,98.3,3.195,20.8,32.97,64.77199999999999,"7 years, 9 months, 24 days",Slow,0,6,86,7.699530516431929
Battery 468,41.57,95.93,152,33.8,32.4,3.569,23.7,28.29,74.186,"1 years, 4 months, 21 days",Slow,0,10,96,4.142011834319526
Battery 469,73.66,63.57,2162,100.2,63.7,3.922,30.7,65.47,67.606,"8 years, 6 months, 2 days",Moderate,40,10,63,36.42714570858283
Battery 470,60.86,93.53,448,36.7,34.3,3.71,25.0,28.28,80.462,"5 years, 9 months, 15 days",Moderate,0,9,92,6.5395095367847595
Battery 471,79.83,60.0,2652,32.3,19.4,3.965,27.3,87.69,67.932,"14 years, 4 months, 24 days",Slow,20,10,60,39.93808049535603
Battery 472,21.42,85.29,755,100.0,85.3,3.334,23.3,35.21,59.742000000000004,"5 years, 11 months, 4 days",Slow,0,9,87,14.700000000000003
Battery 473,66.63,92.02,755,44.9,41.3,3.855,30.2,32.11,81.864,"2 years, 9 months, 26 days",Moderate,40,10,85,8.01781737193764
Battery 474,68.3,73.65,2670,81.5,60.0,3.916,30.2,63.99,71.51,"8 years, 3 months, 8 days",Moderate,40,10,66,26.38036809815951
Battery 475,70.33,91.01,632,64.8,59.0,3.883,25.4,27.72,82.738,"7 years, 6 months, 3 days",Moderate,20,10,89,8.950617283950614
Battery 476,74.91,93.42,599,36.7,34.3,3.847,23.9,30.23,86.01599999999999,"9 years, 4 months, 26 days",Moderate,0,8,90,6.5395095367847595
Battery 477,14.84,91.65,593,113.6,104.1,3.084,26.4,28.87,60.926,"14 years, 9 months, 2 days",Slow,20,5,82,8.362676056338024
Battery 478,74.9,77.59,2027,68.2,52.9,3.804,40.2,67.46,76.51400000000001,"4 years, 6 months, 9 days",Slow,80,8,58,22.43401759530792
Battery 479,42.49,60.0,2532,96.0,57.6,3.505,31.8,95.13,52.996,"5 years, 4 months, 24 days",Slow,40,8,53,40.0
Battery 480,59.91,89.9,495,33.5,30.1,3.737,21.2,32.5,77.904,"1 years, 5 months, 29 days",Moderate,0,9,90,10.149253731343277
Battery 481,94.14,99.37,206,79.2,78.7,4.142,30.5,25.32,97.27799999999999,"6 years, 4 months, 5 days",Moderate,40,10,92,0.631313131313127
Battery 482,42.04,96.55,566,31.3,30.3,3.585,20.4,27.7,74.746,"2 years, 3 months, 4 days",Slow,0,10,94,3.194888178913735
Battery 483,41.0,94.22,638,80.4,75.7,3.425,19.4,38.37,72.932,"11 years, 7 months, 19 days",Slow,20,7,84,5.845771144278611
Battery 484,10.07,67.36,2181,106.3,71.6,3.208,24.8,70.59,44.443999999999996,"14 years, 0 months, 14 days",Slow,0,9,67,32.64346190028222
Battery 485,14.71,73.94,2515,47.4,35.1,3.117,24.1,73.94,50.248,"4 years, 7 months, 7 days",Slow,0,6,65,25.949367088607588
Battery 486,55.61,90.6,906,78.5,71.1,3.592,27.2,39.09,76.60399999999998,"0 years, 6 months, 29 days",Slow,20,7,81,9.426751592356696
Battery 487,43.86,74.92,1483,62.0,46.4,3.484,26.3,56.34,62.495999999999995,"13 years, 8 months, 0 days",Slow,20,7,69,25.161290322580644
Battery 488,16.12,69.04,2924,73.3,50.6,3.279,24.1,88.78,47.872,"11 years, 0 months, 12 days",Slow,0,9,64,30.968622100954978
Battery 489,36.71,60.0,2840,99.0,59.4,3.45,33.7,87.05,50.684,"3 years, 0 months, 0 days",Slow,40,8,54,40.0
Battery 490,50.73,86.6,807,71.3,61.8,3.637,16.5,33.8,72.252,"6 years, 6 months, 24 days",Slow,20,9,84,13.323983169705468
Battery 491,93.2,91.54,640,35.2,32.2,4.103,30.5,28.96,92.20400000000001,"7 years, 5 months, 19 days",Moderate,40,10,86,8.52272727272727
Battery 492,87.02,67.63,2624,101.8,68.9,3.951,23.7,66.75,75.386,"13 years, 11 months, 27 days",Moderate,0,8,67,32.31827111984282
Battery 493,62.33,73.69,1731,114.9,84.6,3.811,34.6,51.01,69.146,"9 years, 1 months, 10 days",Moderate,40,10,70,26.370757180156666
Battery 494,99.74,82.57,1231,34.2,28.2,4.135,41.8,46.39,89.43799999999999,"2 years, 5 months, 23 days",Slow,80,9,69,17.543859649122815
Battery 495,65.97,92.62,723,110.9,102.7,3.828,28.8,35.31,81.96000000000001,"6 years, 4 months, 16 days",Moderate,20,10,88,7.394048692515787
Battery 496,77.16,97.33,315,80.7,78.5,3.993,22.9,23.84,89.262,"10 years, 0 months, 1 days",Moderate,0,10,97,2.7261462205700138
Battery 497,60.65,83.06,1070,68.9,57.2,3.778,21.4,44.6,74.096,"11 years, 2 months, 22 days",Moderate,0,10,84,16.981132075471706
Battery 498,31.29,90.18,654,82.0,74.0,3.434,26.5,39.87,66.62400000000001,"6 years, 10 months, 28 days",Slow,20,9,85,9.756097560975608
Battery 499,25.66,60.0,2646,34.5,20.7,3.297,34.3,91.06,46.264,"1 years, 2 months, 12 days",Slow,40,7,52,40.0
Battery 500,53.48,78.02,1490,72.8,56.8,3.554,28.5,46.44,68.204,"3 years, 11 months, 12 days",Slow,20,7,72,21.978021978021978
